Matricula,Nome,"Nome do Contato",Telefone
058123976,"Ricardo Santosa","Felipe Santos",48996562373
139245860,"Mariana Silva","Juliana Costa",64989216230
194768520,"Jéssica Oliveira","Amanda Lima",51994871418
270836415,"Fernanda Martins","Marcos Rocha",55981481318
320819647,"Luiz Oliveira","Leandro Barbosa",47968983294
365084912,"Fernanda Costa","Larissa Cardoso",71971160105
392148670,"Ana Luiza Costa","Thiago Gomes",81991308412
412970835,"Maria Santos","André Barbosa",27984181774
427586913,"Marcos Silva","Raquel Pereira",71986276403
486213597,"Marcela Oliveira","Jéssica Ribeiro",96980648189
547019283,"Carla Santos","Lucas Rodrigues",63991265530
572160394,"Adriana Pereira","Bruna Almeida",68981055581
593702148,"Pedro Souza","Marcelo da Silva",96969967774
672459013,"Fernando Lima","Ana Souza",61974328324
691287045,"Gabriela Ferreira","Isabela Carvalho",87983089471
719248305,"Fernando Lima","Rafael Menezes",85967760126
726014983,"Ana Pereira","Eduardo Nunes",82998581424
793621480,"Patrícia Santos","Renata Ferreira",95973124865
817962304,"Luiz Oliveira","Camila Fernandes",55984132691
845063791,"Ana Pereira","Gustavo Oliveira",27994588057
